<?xml version="1.0" encoding="UTF-8" standalone="yes"?>
<addon id="repository.jhkodi-repo" version="1.0.0" name="jhkodi-repo" provider-name="jhkodi">
    <extension point="xbmc.addon.repository" name="jhkodi-repo">
        <dir>
            <info compressed="false">https://jhkodi.github.io/addons.xml</info>
            <!-- <checksum>https://jhkodi.github.io/addons.xml.md5</checksum> -->
            <datadir zip="true">https://jhkodi.github.io/</datadir>
        </dir>
        <dir>
            <info compressed="false">https://raw.githubusercontent.com/jsergio123/zips/master/addons.xml</info>
            <checksum>https://raw.githubusercontent.com/jsergio123/zips/master/addons.xml.md5</checksum>
            <datadir zip="true">https://raw.githubusercontent.com/jsergio123/zips/master/</datadir>
        </dir>
    </extension>
    <extension point="xbmc.addon.metadata">
        <summary lang="en">jhkodi-repo</summary>
        <description lang="en">jhkodi-repo</description>
        <platform>all</platform>
    </extension>
</addon>
